{"Fid":"cDqQ4vkVTc6o0oAtl5Qaad","Status":3,"AuthToken":"eyJhbGciOiJFUzI1NiIsInR5cCI6IkpXVCJ9.eyJhcHBJZCI6IjE6NjM2ODEzODMyNjYyOmFuZHJvaWQ6NmVlMWZhZWNlZGIzYjFkYmZjNzQ3NyIsImV4cCI6MTc1NDMwNTU0NSwiZmlkIjoiY0RxUTR2a1ZUYzZvMG9BdGw1UWFhZCIsInByb2plY3ROdW1iZXIiOjYzNjgxMzgzMjY2Mn0.AB2LPV8wRQIgRUwtJvpehYFOLlM7EhyeyWZtnIOJYRHtxKGU0xXmsD4CIQDyh76W1p-s6WL3DbM5101DyJHlvari6nnj7xWmMBDxCQ","RefreshToken":"3_AS3qfwLxFhKgDdBypay_Gez9mutCxrQ1ZOuJEYH_r7jnvlpIa3jBSVnKohg8Yim7aKphvEfToyKaw2b3cJ_WX5DBAir9TcKCT-tXtv9_hOJ_qy4","TokenCreationEpochInSecs":1753700742,"ExpiresInSecs":604800}