{"Fid":"cOqtmHH9SOyKJV_-b_DG7o","Status":3,"AuthToken":"eyJhbGciOiJFUzI1NiIsInR5cCI6IkpXVCJ9.eyJhcHBJZCI6IjE6NDEyODI2MTM4NzM1OmFuZHJvaWQ6OGEzMmY3OTFlNDE1NjM0ZjJmZjU5YSIsImV4cCI6MTc2MzY0NTQ5NywiZmlkIjoiY09xdG1ISDlTT3lLSlZfLWJfREc3byIsInByb2plY3ROdW1iZXIiOjQxMjgyNjEzODczNX0.AB2LPV8wRQIgUhynzXO3-e9K-jF1nj4pO7a7j9u6cta5YOODzE1A8CkCIQCpWAh37wUyx4xbL4isq2nREdzSoJtEJYAlvAxLY9_LFQ","RefreshToken":"3_AS3qfwI6bguSnqPInuiT0jAHAp5LlwCdWswUV3jf4Pv7nQCELRoz8N07ivHPxyPZrI4Vk06lJr-pRIIu7qIzDLUiixNbZ3dQHQ_FCjuIFhtAUgQ","TokenCreationEpochInSecs":1763040696,"ExpiresInSecs":604800}