{"Fid":"exeQvlZFStSe5yyPHbHqic","Status":3,"AuthToken":"eyJhbGciOiJFUzI1NiIsInR5cCI6IkpXVCJ9.eyJhcHBJZCI6IjE6MzU0ODAwNjQ1MzI5OmFuZHJvaWQ6NGM2NjY0NGY4NDc1MTUwYiIsImV4cCI6MTc1NzM0NDgxNSwiZmlkIjoiZXhlUXZsWkZTdFNlNXl5UEhiSHFpYyIsInByb2plY3ROdW1iZXIiOjM1NDgwMDY0NTMyOX0.AB2LPV8wRQIgH4PN7lZuC1O1hasIAma53-XMZxNAoOOxTavwu266V7MCIQCQHcjz9Xx97Zw-9o31hz3mQ74E498ErjWgZadTJU1rBg","RefreshToken":"3_AS3qfwJf0-M3za_fXx6wONKd9Sbqjk3PbxZyBQrj1ssVesDZZirBS0PoQ9WRL_KTvSzSxYSPr4cUuLCIKuVgZCAFVUHjDcKpMD8xYmUCRT6_Bsc","TokenCreationEpochInSecs":1756740015,"ExpiresInSecs":604800}