<?xml version='1.0' encoding='utf-8' standalone='yes' ?>
<map>
    <string name="prev_event_name">number_verified</string>
    <long name="prev_event_timestamp" value="1763041680618" />
    <int name="appsFlyerInAppEventCount" value="6" />
    <string name="afUninstallToken">cOqtmHH9SOyKJV_-b_DG7o:APA91bGfybjbduOS2jXlEVzbRTnDyJrcR5rjLlR5uSn8KDyQvm50pf8K8gNayszrtTUvt51x2FyWth0QlpvQY2Kj_iTkd594H97nkbQ-VUbHl-iQuvE_XtE</string>
    <long name="prev_session_dur" value="16" />
    <boolean name="ddl_sent" value="true" />
    <long name="af_rc_max_age" value="86400" />
    <string name="sentSuccessfully">true</string>
    <int name="versionCode" value="202523002" />
    <string name="af_remote_config">eyJmZWF0dXJlcyI6e30sInZlciI6ImRlZmF1bHQudjEuMTYzNzE0OTUyOSJ9</string>
    <boolean name="sentRegisterRequestToAF" value="true" />
    <string name="savedProperties">{&quot;uid&quot;:&quot;1758256550922-820974198559244362&quot;,&quot;waitForCustomerId&quot;:&quot;false&quot;,&quot;logLevel&quot;:&quot;0&quot;,&quot;AppUserId&quot;:&quot;8c14da1fd181a324&quot;}</string>
    <string name="AF_INSTALLATION">1758256550922-820974198559244362</string>
    <boolean name="afUninstallToken_queued" value="false" />
    <int name="appsFlyerCount" value="13" />
    <long name="af_rc_timestamp" value="1763041535965" />
    <long name="AppsFlyerTimePassedSincePrevLaunch" value="1763041678995" />
    <boolean name="newGPReferrerSent" value="true" />
    <string name="first_launch">{&quot;net&quot;:1678,&quot;from_fg&quot;:711,&quot;start_with&quot;:&quot;application&quot;,&quot;init_to_fg&quot;:51}</string>
    <string name="appsFlyerFirstInstall">2025-09-19_100551+0530</string>
    <long name="afUninstallToken_received_time" value="1763041537840" />
    <string name="attributionId">{&quot;install_time&quot;:&quot;2025-09-19 04:35:53.566&quot;,&quot;af_message&quot;:&quot;organic install&quot;,&quot;af_status&quot;:&quot;Organic&quot;,&quot;is_first_launch&quot;:false}</string>
</map>
