<?xml version='1.0' encoding='utf-8' standalone='yes' ?>
<map>
    <long name="first_open_time" value="1761444712171" />
    <string name="gmp_app_id">1:412826138735:android:8a32f791e415634f2ff59a</string>
    <string name="app_instance_id">5266dfb9c290e65b80dfc59e674fe59c</string>
    <boolean name="app_backgrounded" value="true" />
    <long name="session_id" value="1763041530" />
    <long name="health_monitor:start" value="1763041527377" />
    <boolean name="use_service" value="true" />
    <boolean name="deferred_analytics_collection" value="false" />
    <string name="default_event_parameters">[{&quot;n&quot;:&quot;sc_session_id&quot;,&quot;v&quot;:&quot;4518379355_d8116ce8-f5ad-475e-af74-3301227176e0&quot;,&quot;t&quot;:&quot;s&quot;}]</string>
    <string name="previous_os_version">13</string>
    <boolean name="has_been_opened" value="true" />
    <boolean name="allow_remote_dynamite" value="true" />
    <long name="last_pause_time" value="1763041694663" />
    <boolean name="start_new_session" value="false" />
</map>
