<?xml version='1.0' encoding='utf-8' standalone='yes' ?>
<map>
    <set name="fire-cls/18.4.1 android-installer/bin.mt.plus.canary fire-analytics/21.3.0 device-name/RMX3785IN fire-fcm/23.2.1 fire-analytics-ktx/21.3.0 kotlin/2.0.0 fire-abt/21.1.1 fire-sessions/1.0.2 fire-core/20.3.3 fire-cls-ndk/18.4.1 device-model/RE5C6CL1 fire-perf-ktx/unspecified android-min-sdk/21 android-platform/ fire-fst-ktx/unspecified fire-transport/18.1.8 android-target-sdk/35 fire-perf/20.4.1 fire-core-ktx/unspecified fire-fst/24.7.1 device-brand/realme fire-android/33 fire-db-ktx/unspecified fire-fcm-ktx/unspecified fire-installations/17.1.4 fire-rc/21.4.1 fire-rtdb/20.2.2">
        <string>2025-11-13</string>
    </set>
    <string name="last-used-date">2025-11-13</string>
    <long name="fire-count" value="1" />
    <long name="fire-global" value="1763040696336" />
</map>
