<?xml version='1.0' encoding='utf-8' standalone='yes' ?>
<map>
    <string name="savedProperties">{&quot;logLevel&quot;:&quot;4&quot;}</string>
    <string name="AF_INSTALLATION">1764340176018-5405196184137024071</string>
    <boolean name="didSendRevenueTriggerOnLastBackground" value="false" />
    <int name="appsFlyerCount" value="6" />
    <long name="AppsFlyerTimePassedSincePrevLaunch" value="1764340934503" />
    <long name="prev_session_dur" value="6" />
    <boolean name="ddl_sent" value="true" />
    <string name="appsFlyerFirstInstall">2025-11-28_195936+0530</string>
    <int name="versionCode" value="127" />
</map>
