<?xml version='1.0' encoding='utf-8' standalone='yes' ?>
<map>
    <string name="bnc_link_click_identifier">bnc_no_value</string>
    <string name="bnc_push_identifier">bnc_no_value</string>
    <long name="bnc_last_known_update_time" value="1764339916815" />
    <string name="bnc_google_play_install_referrer_extras">utm_source=google-play&amp;utm_medium=organic</string>
    <string name="bnc_initial_referrer">android-app://com.app.mahol</string>
    <string name="bnc_session_params">bnc_no_value</string>
    <string name="bnc_app_link">bnc_no_value</string>
    <long name="bnc_original_install_time" value="1745124663294" />
    <long name="bnc_previous_update_time" value="1745124663294" />
    <string name="bnc_branch_key">---------------------</string>
    <string name="bnc_link_click_id">bnc_no_value</string>
    <long name="bnc_install_begin_ts" value="1756910811" />
</map>
