<?xml version='1.0' encoding='utf-8' standalone='yes' ?>
<map>
    <long name="first_open_time" value="1745124674846" />
    <string name="gmp_app_id">1:742162910490:android:2687d991e1e26c81e870a3</string>
    <string name="app_instance_id">ff897d27a23e2b1230fa62460f9d229d</string>
    <long name="session_id" value="1764350677" />
    <boolean name="app_backgrounded" value="true" />
    <long name="health_monitor:start" value="1764340173207" />
    <boolean name="use_service" value="true" />
    <string name="last_received_uri_timestamps_by_source">[{&quot;n&quot;:&quot;uriSources&quot;,&quot;v&quot;:&quot;[1]&quot;,&quot;t&quot;:&quot;ia&quot;},{&quot;n&quot;:&quot;uriTimestamps&quot;,&quot;v&quot;:&quot;[1745124690797]&quot;,&quot;t&quot;:&quot;la&quot;}]</string>
    <boolean name="deferred_analytics_collection" value="false" />
    <string name="previous_os_version">13</string>
    <boolean name="has_been_opened" value="true" />
    <boolean name="allow_remote_dynamite" value="true" />
    <long name="last_pause_time" value="1764350677668" />
    <boolean name="start_new_session" value="false" />
</map>
