<?xml version='1.0' encoding='utf-8' standalone='yes' ?>
<map>
    <set name="fire-core/20.2.0 fire-cls/18.3.2 device-name/e1125691ef1210fb kotlin/1.8.22 android-min-sdk/24 fire-analytics/21.2.0 fire-fcm/23.1.1 fire-auth/21.1.0 device-brand/61842aff7382293 fire-android/33 android-installer/com.android.vending fire-installations/17.1.0 android-platform/ android-target-sdk/27 fire-transport/18.1.7 device-model/bcf0134ef28828ca">
        <string>2025-11-28</string>
    </set>
    <string name="last-used-date">2025-11-28</string>
    <long name="fire-count" value="1" />
    <long name="fire-global" value="1764340173096" />
</map>
