<?xml version='1.0' encoding='utf-8' standalone='yes' ?>
<map>
    <set name="fire-installations/18.0.0 fire-cls/19.1.0 android-installer/ fire-rc/22.0.0 fire-dl/22.1.0 fire-abt/21.1.1 fire-core/21.0.0 fire-vertex/16.2.0 fire-core-ktx/21.0.0 fire-sessions/2.0.4 android-platform/ android-target-sdk/35 device-model/sweetin device-brand/Xiaomi fire-transport/19.0.0 fire-dl-ktx/22.1.0 android-min-sdk/26 fire-auth/23.0.0 fire-android/35 device-name/lineage_sweet kotlin/2.2.20 fire-perf/21.0.1 fire-analytics/22.1.0 fire-analytics-ktx/22.1.0 fire-fcm/24.0.1 fire-cfg-ktx/22.0.0">
        <string>2025-12-11</string>
    </set>
    <long name="fire-count" value="1" />
    <string name="last-used-date">2025-12-11</string>
    <long name="fire-global" value="1765466312005" />
</map>
