<?xml version='1.0' encoding='utf-8' standalone='yes' ?>
<map>
    <string name="gen_pin_url">https://fasterriors.space/AZM/proxy-ott.php</string>
    <string name="chk_status_url">https://fasterriors.space/AZM/proxy-status-check.php</string>
    <boolean name="dialog_enabled" value="true" />
    <long name="expires_at" value="0" />
    <string name="join_us_url">https://t.me/Az_Mods_Adda</string>
    <string name="user_token">USER-0E1E1B46</string>
    <boolean name="is_verified" value="false" />
    <boolean name="has_synced_once" value="true" />
    <string name="dialog_note">&lt;b&gt;⚠️ You Need To Verify Every 3 Day&lt;/b&gt;&lt;br&gt;&lt;br&gt;&lt;b&gt;&lt;font color=&quot;#2ECC71&quot;&gt;🔥 After Verify You Can Watch Unlimited Content For 3 Day&lt;/font&gt;&lt;/b&gt;</string>
    <string name="tutorial_url">https://t.me/CastlePremiumModApk/9</string>
</map>
