{"Fid":"ffrjyMfSSJqExmHlJC5ASq","Status":3,"AuthToken":"eyJhbGciOiJFUzI1NiIsInR5cCI6IkpXVCJ9.eyJhcHBJZCI6IjE6NzQyMTYyOTEwNDkwOmFuZHJvaWQ6MjY4N2Q5OTFlMWUyNmM4MWU4NzBhMyIsImV4cCI6MTc2NDk0NDk3NSwiZmlkIjoiZmZyanlNZlNTSnFFeG1IbEpDNUFTcSIsInByb2plY3ROdW1iZXIiOjc0MjE2MjkxMDQ5MH0.AB2LPV8wRQIhAPhzq77hBlIhfBQ83IxyqzHzqi5Jjdyy4FJ9nDJVTgcHAiBjgYUvmSfPLMMJmS-Q3F_upMMSaYGSoV0bmSW2KTeFjw","RefreshToken":"3_AS3qfwLel62WLrnswrZ9TVEj9VIupG7rvEeEFGwtzJvoFVfMhsfs2tD3_SWo36ShcwO8oSX_l5Rcv1hP-BYQXnSCLXOZxKJJ5rHvF0Or_fN2P3U","TokenCreationEpochInSecs":1764340174,"ExpiresInSecs":604800}