<?xml version='1.0' encoding='utf-8' standalone='yes' ?>
<map>
    <string name="afUninstallToken">cDqQ4vkVTc6o0oAtl5Qaad:APA91bFvKoD4YcPJYBvj6SHQDIsG8abYdxJRXFHe3UsN9amEz3q-FNUyc49pQD9x7oVOCt3wfTbLFvoX74OX92_0Ovvjaip3g8VnKQHJL1bXPUE8JwVamas</string>
    <string name="attributionId">{&quot;campaign_id&quot;:null,&quot;af_sub1&quot;:null,&quot;retargeting_conversion_type&quot;:&quot;re-engagement&quot;,&quot;af_sub5&quot;:null,&quot;is_first_launch&quot;:false,&quot;click_time&quot;:null,&quot;agency&quot;:null,&quot;af_sub2&quot;:null,&quot;af_siteid&quot;:null,&quot;http_referrer&quot;:null,&quot;install_time&quot;:&quot;2025-07-28 08:07:03.623&quot;,&quot;campaign&quot;:null,&quot;af_channel&quot;:null,&quot;af_status&quot;:&quot;Non-organic&quot;,&quot;af_sub4&quot;:null,&quot;af_sub3&quot;:null,&quot;media_source&quot;:&quot;restricted&quot;}</string>
    <long name="AppsFlyerTimePassedSincePrevLaunch" value="7269288012000" />
    <int name="appsFlyerCount" value="3" />
    <string name="sentSuccessfully">true</string>
    <long name="prev_session_dur" value="15" />
    <int name="versionCode" value="240011260" />
    <boolean name="newGPReferrerSent" value="true" />
    <long name="afUninstallToken_received_time" value="1753700755871" />
    <string name="savedProperties">{&quot;AppUserId&quot;:&quot;15540925&quot;,&quot;uid&quot;:&quot;7269288012000-3124843792530359274&quot;,&quot;waitForCustomerId&quot;:&quot;false&quot;}</string>
    <string name="af_remote_config">eyJmZWF0dXJlcyI6e30sInZlciI6ImRlZmF1bHQudjEuMTYzNzE0OTUyOSJ9</string>
    <boolean name="sentRegisterRequestToAF" value="true" />
    <string name="prev_event_name">af_initiated_checkout</string>
    <boolean name="ddl_sent" value="true" />
    <long name="prev_event_timestamp" value="7269288012000" />
    <long name="af_rc_max_age" value="86400" />
    <string name="appsFlyerFirstInstall"></string>
    <string name="AF_INSTALLATION">7269288012000-3124843792530359274</string>
    <string name="gcd">{&quot;retries&quot;:0,&quot;net&quot;:5515587260051}</string>
    <boolean name="afUninstallToken_queued" value="false" />
    <long name="af_rc_timestamp" value="1753700744251" />
    <int name="appsFlyerInAppEventCount" value="2" />
</map>
