<?xml version='1.0' encoding='utf-8' standalone='yes' ?>
<map>
    <set name="fire-installations/18.0.0 fire-cls/19.1.0 fire-rc/22.0.0 kotlin/2.0.0 fire-dl/22.1.0 fire-abt/21.1.1 fire-android/25 fire-core/21.0.0 device-name/771a718760acf37b fire-core-ktx/21.0.0 fire-sessions/2.0.4 android-platform/ device-brand/8bfa6eef9f29a513 fire-transport/19.0.0 fire-dl-ktx/22.1.0 android-min-sdk/24 fire-auth/23.0.0 device-model/f3536f0448c6f64a android-installer/com.android.vending fire-perf/21.0.1 fire-analytics/22.1.0 fire-analytics-ktx/22.1.0 fire-fcm/24.0.1 fire-cfg-ktx/22.0.0 android-target-sdk/27">
        <string>2025-07-28</string>
    </set>
    <long name="fire-global" value="1753700753699" />
    <string name="last-used-date">2025-07-28</string>
    <long name="fire-count" value="1" />
</map>
