<?xml version='1.0' encoding='utf-8' standalone='yes' ?>
<map>
    <string name="config-aaxHostname">aax.amazon-adsystem.com</string>
    <long name="amzn-ad-iu-last-checkin-using-sessionid" value="0" />
    <string name="config-sisDomain">amazon.co.uk</string>
    <long name="amzn-ad-sis-last-checkin" value="1756740071858" />
    <long name="amzn-ad-iu-last-attempt-using-sessionid" value="0" />
    <boolean name="config-truncateLatLon" value="false" />
    <long name="amzn-ad-iu-last-attempt" value="1756740061806" />
    <long name="config-lastFetchTime" value="1756740079072" />
    <int name="config-viewableJSVersionConfig" value="5" />
    <boolean name="config-sendGeo" value="true" />
    <string name="config-madsHostname">mads-eu.amazon.com</string>
    <string name="amzn-ad-id">A7etUL8t7EnnuVkmsJVfPMw</string>
    <string name="gpsAdId">0cf00726-f91a-4e6c-84aa-6287cea09944</string>
    <long name="config-identifyUserSessionIdInterval" value="28800000" />
    <long name="config-ttl" value="86400000" />
    <int name="configVersion" value="4" />
    <boolean name="config-whitelistedCustomer" value="false" />
    <long name="config-identifyUserInterval" value="86400000" />
    <string name="config-sisURL">aax-eu.amazon-adsystem.com/s</string>
    <string name="config-adPrefURL">https://aax-eu.amazon-adsystem.com/gp/aw/aap/app?c=uk</string>
    <long name="config-viewableInterval" value="200" />
    <string name="config-adResourcePath">/e/msdk/ads</string>
    <string name="config-viewableJavascriptCDNURL">https://dwxjayoxbnyrr.cloudfront.net/amazon-ads-v2.viewablejs</string>
    <long name="amzn-ad-iu-last-checkin" value="1756740070257" />
    <boolean name="sis_registration_status" value="true" />
    <long name="config-identifyUserRetryInterval" value="3600000" />
    <string name="amzn-ad-id-origin">0cf00726-f91a-4e6c-84aa-6287cea09944</string>
    <string name="IUParameters">{&quot;dt&quot;:&quot;android&quot;,&quot;app&quot;:&quot;video&quot;,&quot;aud&quot;:&quot;amazon.co.uk&quot;,&quot;appId&quot;:&quot;c504086fff79453e8aa000708d5a25ce&quot;,&quot;sdkVer&quot;:&quot;amznAdSDK-android-7.1.3&quot;,&quot;oo&quot;:&quot;false&quot;,&quot;idfa&quot;:&quot;0cf00726-f91a-4e6c-84aa-6287cea09944&quot;,&quot;dinfo&quot;:&quot;{\&quot;make\&quot;:\&quot;Xiaomi\&quot;,\&quot;model\&quot;:\&quot;Redmi Note 9 Pro Max\&quot;,\&quot;os\&quot;:\&quot;Android\&quot;,\&quot;osVersion\&quot;:\&quot;11\&quot;,\&quot;scalingFactor\&quot;:\&quot;2.75\&quot;,\&quot;language\&quot;:\&quot;en\&quot;,\&quot;country\&quot;:\&quot;US\&quot;,\&quot;networkCountry\&quot;:\&quot;IN\&quot;,\&quot;carrier\&quot;:\&quot;Vi India\&quot;}&quot;,&quot;pkg&quot;:&quot;{\&quot;pn\&quot;:\&quot;com.amazon.avod.thirdpartyclient\&quot;,\&quot;lbl\&quot;:\&quot;Prime Video\&quot;,\&quot;vn\&quot;:\&quot;3.0.383.347\&quot;,\&quot;v\&quot;:\&quot;383000347\&quot;}&quot;,&quot;idModule&quot;:true}</string>
    <boolean name="newSISDIDRequested" value="false" />
</map>
